UUID,Figure,Organ,Sample ID,Condition,Brain Region,Brain Hemisphere,Width (px),Height (px),Depth (px),XY Pixel Size (µm),Z Pixel Size (µm),File Path,File Name,File Size,Thumbnail
a84fd0cb-1c1a-4e30-9b18-6d1cb9051dbd,Figure 3,Brain,204,Control,Cortex,L,300,300,301,0.975,2.0,https://lsfm.isas.de/files/vessel-express/images/a84fd0cb-1c1a-4e30-9b18-6d1cb9051dbd.ome.zarr,a84fd0cb-1c1a-4e30-9b18-6d1cb9051dbd.ome.zarr,57924166,https://lsfm.isas.de/files/vessel-express/thumbnails/a84fd0cb-1c1a-4e30-9b18-6d1cb9051dbd.jpg
82cce6ed-6c8a-4c8b-a1ae-60d727ad74c9,Figure 3,Brain,204,Control,Striatum,L,500,500,501,0.975,2.0,https://lsfm.isas.de/files/vessel-express/images/82cce6ed-6c8a-4c8b-a1ae-60d727ad74c9.ome.zarr,82cce6ed-6c8a-4c8b-a1ae-60d727ad74c9.ome.zarr,264463866,https://lsfm.isas.de/files/vessel-express/thumbnails/82cce6ed-6c8a-4c8b-a1ae-60d727ad74c9.jpg
c95297a2-7a61-4fe4-9ffd-233a7ac67b46,Figure 3,Brain,204,Control,Cortex,R,300,300,301,0.975,2.0,https://lsfm.isas.de/files/vessel-express/images/c95297a2-7a61-4fe4-9ffd-233a7ac67b46.ome.zarr,c95297a2-7a61-4fe4-9ffd-233a7ac67b46.ome.zarr,54622508,https://lsfm.isas.de/files/vessel-express/thumbnails/c95297a2-7a61-4fe4-9ffd-233a7ac67b46.jpg
90f1dc5f-da77-41e6-9112-256b451d9152,Figure 3,Brain,204,Control,Hippocampus,R,300,300,301,0.975,2.0,https://lsfm.isas.de/files/vessel-express/images/90f1dc5f-da77-41e6-9112-256b451d9152.ome.zarr,90f1dc5f-da77-41e6-9112-256b451d9152.ome.zarr,53779832,https://lsfm.isas.de/files/vessel-express/thumbnails/90f1dc5f-da77-41e6-9112-256b451d9152.jpg
f8d640d9-913f-406a-ac96-027e7afae078,Figure 3,Brain,204,Control,Striatum,R,500,500,501,0.975,2.0,https://lsfm.isas.de/files/vessel-express/images/f8d640d9-913f-406a-ac96-027e7afae078.ome.zarr,f8d640d9-913f-406a-ac96-027e7afae078.ome.zarr,247999975,https://lsfm.isas.de/files/vessel-express/thumbnails/f8d640d9-913f-406a-ac96-027e7afae078.jpg
ade5165d-ac36-4a04-981a-dbfe2dbe2928,Figure 3,Brain,218,Control,Cortex,L,300,300,301,0.975,2.0,https://lsfm.isas.de/files/vessel-express/images/ade5165d-ac36-4a04-981a-dbfe2dbe2928.ome.zarr,ade5165d-ac36-4a04-981a-dbfe2dbe2928.ome.zarr,49136098,https://lsfm.isas.de/files/vessel-express/thumbnails/ade5165d-ac36-4a04-981a-dbfe2dbe2928.jpg
d182ac80-d8b6-4d89-a216-5da79c77e721,Figure 3,Brain,218,Control,Striatum,L,500,500,501,0.975,2.0,https://lsfm.isas.de/files/vessel-express/images/d182ac80-d8b6-4d89-a216-5da79c77e721.ome.zarr,d182ac80-d8b6-4d89-a216-5da79c77e721.ome.zarr,205136060,https://lsfm.isas.de/files/vessel-express/thumbnails/d182ac80-d8b6-4d89-a216-5da79c77e721.jpg
8c86eb60-d1c2-499e-a3f7-61f8750f4035,Figure 3,Brain,218,Control,Striatum,R,500,500,501,0.975,2.0,https://lsfm.isas.de/files/vessel-express/images/8c86eb60-d1c2-499e-a3f7-61f8750f4035.ome.zarr,8c86eb60-d1c2-499e-a3f7-61f8750f4035.ome.zarr,196686551,https://lsfm.isas.de/files/vessel-express/thumbnails/8c86eb60-d1c2-499e-a3f7-61f8750f4035.jpg
ed387dc6-52f7-48e2-a81e-714977fa2a6a,Figure 3,Brain,218,Control,Cortex,R,300,300,301,0.975,2.0,https://lsfm.isas.de/files/vessel-express/images/ed387dc6-52f7-48e2-a81e-714977fa2a6a.ome.zarr,ed387dc6-52f7-48e2-a81e-714977fa2a6a.ome.zarr,45729578,https://lsfm.isas.de/files/vessel-express/thumbnails/ed387dc6-52f7-48e2-a81e-714977fa2a6a.jpg
cee88ee5-ecee-4060-8fb4-a0add2f4d12a,Figure 3,Brain,608,Control,Hippocampus,L,300,300,301,0.975,2.0,https://lsfm.isas.de/files/vessel-express/images/cee88ee5-ecee-4060-8fb4-a0add2f4d12a.ome.zarr,cee88ee5-ecee-4060-8fb4-a0add2f4d12a.ome.zarr,41455570,https://lsfm.isas.de/files/vessel-express/thumbnails/cee88ee5-ecee-4060-8fb4-a0add2f4d12a.jpg
109c2073-73fc-4c1a-af66-dda0edbb277c,Figure 3,Brain,608,Control,Striatum,L,500,500,501,0.975,2.0,https://lsfm.isas.de/files/vessel-express/images/109c2073-73fc-4c1a-af66-dda0edbb277c.ome.zarr,109c2073-73fc-4c1a-af66-dda0edbb277c.ome.zarr,193926855,https://lsfm.isas.de/files/vessel-express/thumbnails/109c2073-73fc-4c1a-af66-dda0edbb277c.jpg
99bb5067-e6d4-45ee-9038-7b5008bc471c,Figure 3,Brain,608,Control,Cortex,L,300,300,301,0.975,2.0,https://lsfm.isas.de/files/vessel-express/images/99bb5067-e6d4-45ee-9038-7b5008bc471c.ome.zarr,99bb5067-e6d4-45ee-9038-7b5008bc471c.ome.zarr,45246971,https://lsfm.isas.de/files/vessel-express/thumbnails/99bb5067-e6d4-45ee-9038-7b5008bc471c.jpg
314a3868-f1e4-4df4-ab36-196867ae3e82,Figure 3,Brain,608,Control,Striatum,R,500,500,501,0.975,2.0,https://lsfm.isas.de/files/vessel-express/images/314a3868-f1e4-4df4-ab36-196867ae3e82.ome.zarr,314a3868-f1e4-4df4-ab36-196867ae3e82.ome.zarr,187131447,https://lsfm.isas.de/files/vessel-express/thumbnails/314a3868-f1e4-4df4-ab36-196867ae3e82.jpg
e6e7e3c0-370b-4b42-bc32-469a23fe0c0d,Figure 3,Brain,608,Control,Cortex,R,300,300,301,0.975,2.0,https://lsfm.isas.de/files/vessel-express/images/e6e7e3c0-370b-4b42-bc32-469a23fe0c0d.ome.zarr,e6e7e3c0-370b-4b42-bc32-469a23fe0c0d.ome.zarr,42316168,https://lsfm.isas.de/files/vessel-express/thumbnails/e6e7e3c0-370b-4b42-bc32-469a23fe0c0d.jpg
0d2e7239-9892-4c18-812b-5c249c18cbb7,Figure 3,Brain,608,Control,Hippocampus,R,300,300,301,0.975,2.0,https://lsfm.isas.de/files/vessel-express/images/0d2e7239-9892-4c18-812b-5c249c18cbb7.ome.zarr,0d2e7239-9892-4c18-812b-5c249c18cbb7.ome.zarr,39729167,https://lsfm.isas.de/files/vessel-express/thumbnails/0d2e7239-9892-4c18-812b-5c249c18cbb7.jpg
1d47e8fe-4e1c-4ca5-b3d2-2b9de9abf951,Figure 3,Brain,640,Control,Striatum,L,500,500,501,0.975,2.0,https://lsfm.isas.de/files/vessel-express/images/1d47e8fe-4e1c-4ca5-b3d2-2b9de9abf951.ome.zarr,1d47e8fe-4e1c-4ca5-b3d2-2b9de9abf951.ome.zarr,267675752,https://lsfm.isas.de/files/vessel-express/thumbnails/1d47e8fe-4e1c-4ca5-b3d2-2b9de9abf951.jpg
3b183582-737a-4896-b985-787894df89ac,Figure 3,Brain,640,Control,Midbrain,L,300,300,301,0.975,2.0,https://lsfm.isas.de/files/vessel-express/images/3b183582-737a-4896-b985-787894df89ac.ome.zarr,3b183582-737a-4896-b985-787894df89ac.ome.zarr,58002363,https://lsfm.isas.de/files/vessel-express/thumbnails/3b183582-737a-4896-b985-787894df89ac.jpg
734b704f-e3b2-4512-a7fd-bd0ddab08b86,Figure 3,Brain,640,Control,Cortex,L,300,300,301,0.975,2.0,https://lsfm.isas.de/files/vessel-express/images/734b704f-e3b2-4512-a7fd-bd0ddab08b86.ome.zarr,734b704f-e3b2-4512-a7fd-bd0ddab08b86.ome.zarr,60311347,https://lsfm.isas.de/files/vessel-express/thumbnails/734b704f-e3b2-4512-a7fd-bd0ddab08b86.jpg
84e1aeba-01d9-4a89-b59c-97494548b607,Figure 3,Brain,640,Control,Cortex,R,300,300,301,0.975,2.0,https://lsfm.isas.de/files/vessel-express/images/84e1aeba-01d9-4a89-b59c-97494548b607.ome.zarr,84e1aeba-01d9-4a89-b59c-97494548b607.ome.zarr,58256224,https://lsfm.isas.de/files/vessel-express/thumbnails/84e1aeba-01d9-4a89-b59c-97494548b607.jpg
f52159de-994d-4336-9d5d-0d6240b6c879,Figure 3,Brain,640,Control,Striatum,R,500,500,501,0.975,2.0,https://lsfm.isas.de/files/vessel-express/images/f52159de-994d-4336-9d5d-0d6240b6c879.ome.zarr,f52159de-994d-4336-9d5d-0d6240b6c879.ome.zarr,261204763,https://lsfm.isas.de/files/vessel-express/thumbnails/f52159de-994d-4336-9d5d-0d6240b6c879.jpg
143b2f35-1343-4c23-bf62-0795a7ec84d4,Figure 3,Brain,640,Control,Hippocampus,R,300,300,301,0.975,2.0,https://lsfm.isas.de/files/vessel-express/images/143b2f35-1343-4c23-bf62-0795a7ec84d4.ome.zarr,143b2f35-1343-4c23-bf62-0795a7ec84d4.ome.zarr,55891004,https://lsfm.isas.de/files/vessel-express/thumbnails/143b2f35-1343-4c23-bf62-0795a7ec84d4.jpg
e386ae70-ffac-421b-925d-31b8332d6aec,Figure 3,Brain,641,Control,Cortex,L,300,300,301,0.975,2.0,https://lsfm.isas.de/files/vessel-express/images/e386ae70-ffac-421b-925d-31b8332d6aec.ome.zarr,e386ae70-ffac-421b-925d-31b8332d6aec.ome.zarr,58488607,https://lsfm.isas.de/files/vessel-express/thumbnails/e386ae70-ffac-421b-925d-31b8332d6aec.jpg
5d56c198-1a33-441d-9418-0c3114b8bae3,Figure 3,Brain,641,Control,Hippocampus,L,300,300,301,0.975,2.0,https://lsfm.isas.de/files/vessel-express/images/5d56c198-1a33-441d-9418-0c3114b8bae3.ome.zarr,5d56c198-1a33-441d-9418-0c3114b8bae3.ome.zarr,52273897,https://lsfm.isas.de/files/vessel-express/thumbnails/5d56c198-1a33-441d-9418-0c3114b8bae3.jpg
17cebcac-e08d-4aa8-b1a6-2eee0851df81,Figure 3,Brain,641,Control,Striatum,L,500,500,501,0.975,2.0,https://lsfm.isas.de/files/vessel-express/images/17cebcac-e08d-4aa8-b1a6-2eee0851df81.ome.zarr,17cebcac-e08d-4aa8-b1a6-2eee0851df81.ome.zarr,262060636,https://lsfm.isas.de/files/vessel-express/thumbnails/17cebcac-e08d-4aa8-b1a6-2eee0851df81.jpg
ff750396-2d8a-4bf6-8741-4503521c926d,Figure 3,Brain,641,Control,Cortex,R,300,300,301,0.975,2.0,https://lsfm.isas.de/files/vessel-express/images/ff750396-2d8a-4bf6-8741-4503521c926d.ome.zarr,ff750396-2d8a-4bf6-8741-4503521c926d.ome.zarr,57338103,https://lsfm.isas.de/files/vessel-express/thumbnails/ff750396-2d8a-4bf6-8741-4503521c926d.jpg
f2535a83-f20b-4edd-843d-8918cd02e4d4,Figure 3,Brain,641,Control,Midbrain,R,300,300,301,0.975,2.0,https://lsfm.isas.de/files/vessel-express/images/f2535a83-f20b-4edd-843d-8918cd02e4d4.ome.zarr,f2535a83-f20b-4edd-843d-8918cd02e4d4.ome.zarr,50038763,https://lsfm.isas.de/files/vessel-express/thumbnails/f2535a83-f20b-4edd-843d-8918cd02e4d4.jpg
18027dc1-e1a4-4a0c-9434-8a97158e5a96,Figure 3,Brain,641,Control,Hippocampus,R,300,300,301,0.975,2.0,https://lsfm.isas.de/files/vessel-express/images/18027dc1-e1a4-4a0c-9434-8a97158e5a96.ome.zarr,18027dc1-e1a4-4a0c-9434-8a97158e5a96.ome.zarr,52741020,https://lsfm.isas.de/files/vessel-express/thumbnails/18027dc1-e1a4-4a0c-9434-8a97158e5a96.jpg
62049f5e-bedc-464b-83de-965c1ac4d377,Figure 3,Brain,641,Control,Striatum,R,500,500,501,0.975,2.0,https://lsfm.isas.de/files/vessel-express/images/62049f5e-bedc-464b-83de-965c1ac4d377.ome.zarr,62049f5e-bedc-464b-83de-965c1ac4d377.ome.zarr,258926186,https://lsfm.isas.de/files/vessel-express/thumbnails/62049f5e-bedc-464b-83de-965c1ac4d377.jpg
388fdbc9-3abd-4889-b13e-d34765659364,Figure 3,Brain,642,Control,Midbrain,L,300,300,301,0.975,2.0,https://lsfm.isas.de/files/vessel-express/images/388fdbc9-3abd-4889-b13e-d34765659364.ome.zarr,388fdbc9-3abd-4889-b13e-d34765659364.ome.zarr,54598932,https://lsfm.isas.de/files/vessel-express/thumbnails/388fdbc9-3abd-4889-b13e-d34765659364.jpg
2dc91736-c137-4a37-9f37-0b6792f7eb2e,Figure 3,Brain,642,Control,Cortex,L,300,300,301,0.975,2.0,https://lsfm.isas.de/files/vessel-express/images/2dc91736-c137-4a37-9f37-0b6792f7eb2e.ome.zarr,2dc91736-c137-4a37-9f37-0b6792f7eb2e.ome.zarr,60263430,https://lsfm.isas.de/files/vessel-express/thumbnails/2dc91736-c137-4a37-9f37-0b6792f7eb2e.jpg
37f1fc4a-27f1-4cbb-ada4-c987224f4aed,Figure 3,Brain,642,Control,Hippocampus,L,300,300,301,0.975,2.0,https://lsfm.isas.de/files/vessel-express/images/37f1fc4a-27f1-4cbb-ada4-c987224f4aed.ome.zarr,37f1fc4a-27f1-4cbb-ada4-c987224f4aed.ome.zarr,57548460,https://lsfm.isas.de/files/vessel-express/thumbnails/37f1fc4a-27f1-4cbb-ada4-c987224f4aed.jpg
cbe2e599-ac8a-4ad9-b765-3b0f074bb137,Figure 3,Brain,642,Control,Striatum,L,500,500,501,0.975,2.0,https://lsfm.isas.de/files/vessel-express/images/cbe2e599-ac8a-4ad9-b765-3b0f074bb137.ome.zarr,cbe2e599-ac8a-4ad9-b765-3b0f074bb137.ome.zarr,269085115,https://lsfm.isas.de/files/vessel-express/thumbnails/cbe2e599-ac8a-4ad9-b765-3b0f074bb137.jpg
02e1cee7-e74b-44b2-9c3b-df415a48706d,Figure 3,Brain,642,Control,Hippocampus,R,300,300,301,0.975,2.0,https://lsfm.isas.de/files/vessel-express/images/02e1cee7-e74b-44b2-9c3b-df415a48706d.ome.zarr,02e1cee7-e74b-44b2-9c3b-df415a48706d.ome.zarr,57269961,https://lsfm.isas.de/files/vessel-express/thumbnails/02e1cee7-e74b-44b2-9c3b-df415a48706d.jpg
3905d65f-c674-456e-9fb5-5d2177d9fbef,Figure 3,Brain,642,Control,Striatum,R,500,500,501,0.975,2.0,https://lsfm.isas.de/files/vessel-express/images/3905d65f-c674-456e-9fb5-5d2177d9fbef.ome.zarr,3905d65f-c674-456e-9fb5-5d2177d9fbef.ome.zarr,258868655,https://lsfm.isas.de/files/vessel-express/thumbnails/3905d65f-c674-456e-9fb5-5d2177d9fbef.jpg
66b1bf0b-f79c-4226-acea-f3c914fb6553,Figure 3,Brain,642,Control,Midbrain,R,300,300,301,0.975,2.0,https://lsfm.isas.de/files/vessel-express/images/66b1bf0b-f79c-4226-acea-f3c914fb6553.ome.zarr,66b1bf0b-f79c-4226-acea-f3c914fb6553.ome.zarr,54670157,https://lsfm.isas.de/files/vessel-express/thumbnails/66b1bf0b-f79c-4226-acea-f3c914fb6553.jpg
1a06bce8-cd7c-460c-8b16-e040c243e419,Figure 3,Brain,642,Control,Cortex,R,300,300,301,0.975,2.0,https://lsfm.isas.de/files/vessel-express/images/1a06bce8-cd7c-460c-8b16-e040c243e419.ome.zarr,1a06bce8-cd7c-460c-8b16-e040c243e419.ome.zarr,58970083,https://lsfm.isas.de/files/vessel-express/thumbnails/1a06bce8-cd7c-460c-8b16-e040c243e419.jpg
3cf6f7c7-fc5b-4780-83ac-cb4bb594bd10,Figure 3,Brain,592,Obese,Hippocampus,L,300,300,301,0.975,2.0,https://lsfm.isas.de/files/vessel-express/images/3cf6f7c7-fc5b-4780-83ac-cb4bb594bd10.ome.zarr,3cf6f7c7-fc5b-4780-83ac-cb4bb594bd10.ome.zarr,44070719,https://lsfm.isas.de/files/vessel-express/thumbnails/3cf6f7c7-fc5b-4780-83ac-cb4bb594bd10.jpg
c41e69c4-8af4-49d5-ad72-41f857389e1c,Figure 3,Brain,592,Obese,Midbrain,L,300,300,301,0.975,2.0,https://lsfm.isas.de/files/vessel-express/images/c41e69c4-8af4-49d5-ad72-41f857389e1c.ome.zarr,c41e69c4-8af4-49d5-ad72-41f857389e1c.ome.zarr,41056506,https://lsfm.isas.de/files/vessel-express/thumbnails/c41e69c4-8af4-49d5-ad72-41f857389e1c.jpg
72a44acb-4c01-433f-a8b3-72d3bc8de10c,Figure 3,Brain,592,Obese,Striatum,L,500,500,501,0.975,2.0,https://lsfm.isas.de/files/vessel-express/images/72a44acb-4c01-433f-a8b3-72d3bc8de10c.ome.zarr,72a44acb-4c01-433f-a8b3-72d3bc8de10c.ome.zarr,211593196,https://lsfm.isas.de/files/vessel-express/thumbnails/72a44acb-4c01-433f-a8b3-72d3bc8de10c.jpg
a27bdda9-eca6-47e0-ab49-73db06701fb1,Figure 3,Brain,592,Obese,Cortex,L,300,300,301,0.975,2.0,https://lsfm.isas.de/files/vessel-express/images/a27bdda9-eca6-47e0-ab49-73db06701fb1.ome.zarr,a27bdda9-eca6-47e0-ab49-73db06701fb1.ome.zarr,48764794,https://lsfm.isas.de/files/vessel-express/thumbnails/a27bdda9-eca6-47e0-ab49-73db06701fb1.jpg
fdb9ea30-6c51-4f8c-8cb2-4ab27d164a3d,Figure 3,Brain,592,Obese,Hippocampus,R,300,300,301,0.975,2.0,https://lsfm.isas.de/files/vessel-express/images/fdb9ea30-6c51-4f8c-8cb2-4ab27d164a3d.ome.zarr,fdb9ea30-6c51-4f8c-8cb2-4ab27d164a3d.ome.zarr,44218070,https://lsfm.isas.de/files/vessel-express/thumbnails/fdb9ea30-6c51-4f8c-8cb2-4ab27d164a3d.jpg
7fa4f433-719b-4c37-92b2-723a4ab92914,Figure 3,Brain,592,Obese,Midbrain,R,300,300,301,0.975,2.0,https://lsfm.isas.de/files/vessel-express/images/7fa4f433-719b-4c37-92b2-723a4ab92914.ome.zarr,7fa4f433-719b-4c37-92b2-723a4ab92914.ome.zarr,41532592,https://lsfm.isas.de/files/vessel-express/thumbnails/7fa4f433-719b-4c37-92b2-723a4ab92914.jpg
50924596-763d-4fdc-832b-180b626abd6f,Figure 3,Brain,592,Obese,Striatum,R,500,500,501,0.975,2.0,https://lsfm.isas.de/files/vessel-express/images/50924596-763d-4fdc-832b-180b626abd6f.ome.zarr,50924596-763d-4fdc-832b-180b626abd6f.ome.zarr,201877962,https://lsfm.isas.de/files/vessel-express/thumbnails/50924596-763d-4fdc-832b-180b626abd6f.jpg
cec2aea9-5624-4445-8376-fe6af97c874f,Figure 3,Brain,592,Obese,Cortex,R,300,300,301,0.975,2.0,https://lsfm.isas.de/files/vessel-express/images/cec2aea9-5624-4445-8376-fe6af97c874f.ome.zarr,cec2aea9-5624-4445-8376-fe6af97c874f.ome.zarr,46040467,https://lsfm.isas.de/files/vessel-express/thumbnails/cec2aea9-5624-4445-8376-fe6af97c874f.jpg
9f620f99-7cc5-4a40-bf6d-6217c86efeb3,Figure 3,Brain,593,Obese,Hippocampus,L,300,300,301,0.975,2.0,https://lsfm.isas.de/files/vessel-express/images/9f620f99-7cc5-4a40-bf6d-6217c86efeb3.ome.zarr,9f620f99-7cc5-4a40-bf6d-6217c86efeb3.ome.zarr,45242782,https://lsfm.isas.de/files/vessel-express/thumbnails/9f620f99-7cc5-4a40-bf6d-6217c86efeb3.jpg
14431961-3ef1-4380-a0a0-c5bc0c11b91b,Figure 3,Brain,593,Obese,Midbrain,L,300,300,301,0.975,2.0,https://lsfm.isas.de/files/vessel-express/images/14431961-3ef1-4380-a0a0-c5bc0c11b91b.ome.zarr,14431961-3ef1-4380-a0a0-c5bc0c11b91b.ome.zarr,40869772,https://lsfm.isas.de/files/vessel-express/thumbnails/14431961-3ef1-4380-a0a0-c5bc0c11b91b.jpg
ce1c5c2b-88f0-472e-b7b6-04496acca5df,Figure 3,Brain,593,Obese,Striatum,L,500,500,501,0.975,2.0,https://lsfm.isas.de/files/vessel-express/images/ce1c5c2b-88f0-472e-b7b6-04496acca5df.ome.zarr,ce1c5c2b-88f0-472e-b7b6-04496acca5df.ome.zarr,210573212,https://lsfm.isas.de/files/vessel-express/thumbnails/ce1c5c2b-88f0-472e-b7b6-04496acca5df.jpg
c79d36cb-19b7-4f5a-b05c-694e0070e08c,Figure 3,Brain,593,Obese,Cortex,L,300,300,301,0.975,2.0,https://lsfm.isas.de/files/vessel-express/images/c79d36cb-19b7-4f5a-b05c-694e0070e08c.ome.zarr,c79d36cb-19b7-4f5a-b05c-694e0070e08c.ome.zarr,47714784,https://lsfm.isas.de/files/vessel-express/thumbnails/c79d36cb-19b7-4f5a-b05c-694e0070e08c.jpg
ec119bcc-bcf7-47f2-a5e5-519439b0924b,Figure 3,Brain,593,Obese,Hippocampus,R,300,300,301,0.975,2.0,https://lsfm.isas.de/files/vessel-express/images/ec119bcc-bcf7-47f2-a5e5-519439b0924b.ome.zarr,ec119bcc-bcf7-47f2-a5e5-519439b0924b.ome.zarr,41289798,https://lsfm.isas.de/files/vessel-express/thumbnails/ec119bcc-bcf7-47f2-a5e5-519439b0924b.jpg
55e61cab-e8c0-42ef-a87d-5bc08344dca9,Figure 3,Brain,593,Obese,Striatum,R,500,500,501,0.975,2.0,https://lsfm.isas.de/files/vessel-express/images/55e61cab-e8c0-42ef-a87d-5bc08344dca9.ome.zarr,55e61cab-e8c0-42ef-a87d-5bc08344dca9.ome.zarr,205869922,https://lsfm.isas.de/files/vessel-express/thumbnails/55e61cab-e8c0-42ef-a87d-5bc08344dca9.jpg
28ce67d9-8fed-49d8-a0cc-5079b88fa23d,Figure 3,Brain,593,Obese,Cortex,R,300,300,301,0.975,2.0,https://lsfm.isas.de/files/vessel-express/images/28ce67d9-8fed-49d8-a0cc-5079b88fa23d.ome.zarr,28ce67d9-8fed-49d8-a0cc-5079b88fa23d.ome.zarr,46255314,https://lsfm.isas.de/files/vessel-express/thumbnails/28ce67d9-8fed-49d8-a0cc-5079b88fa23d.jpg
fb4841ea-7c90-4f52-a4e1-7e97c19b6ff2,Figure 3,Brain,593,Obese,Midbrain,R,300,300,301,0.975,2.0,https://lsfm.isas.de/files/vessel-express/images/fb4841ea-7c90-4f52-a4e1-7e97c19b6ff2.ome.zarr,fb4841ea-7c90-4f52-a4e1-7e97c19b6ff2.ome.zarr,41754783,https://lsfm.isas.de/files/vessel-express/thumbnails/fb4841ea-7c90-4f52-a4e1-7e97c19b6ff2.jpg
7b1042ac-7cf6-460e-a8e7-6f150213d082,Figure 3,Brain,597,Obese,Midbrain,L,300,300,301,0.975,2.0,https://lsfm.isas.de/files/vessel-express/images/7b1042ac-7cf6-460e-a8e7-6f150213d082.ome.zarr,7b1042ac-7cf6-460e-a8e7-6f150213d082.ome.zarr,50546538,https://lsfm.isas.de/files/vessel-express/thumbnails/7b1042ac-7cf6-460e-a8e7-6f150213d082.jpg
5e650e5e-db14-4cde-8762-2f50faa1205b,Figure 3,Brain,597,Obese,Striatum,L,500,500,501,0.975,2.0,https://lsfm.isas.de/files/vessel-express/images/5e650e5e-db14-4cde-8762-2f50faa1205b.ome.zarr,5e650e5e-db14-4cde-8762-2f50faa1205b.ome.zarr,212516022,https://lsfm.isas.de/files/vessel-express/thumbnails/5e650e5e-db14-4cde-8762-2f50faa1205b.jpg
8a20f9bc-1e24-45fa-aa33-ec7aef5e5fcc,Figure 3,Brain,597,Obese,Midbrain,R,300,300,301,0.975,2.0,https://lsfm.isas.de/files/vessel-express/images/8a20f9bc-1e24-45fa-aa33-ec7aef5e5fcc.ome.zarr,8a20f9bc-1e24-45fa-aa33-ec7aef5e5fcc.ome.zarr,40983054,https://lsfm.isas.de/files/vessel-express/thumbnails/8a20f9bc-1e24-45fa-aa33-ec7aef5e5fcc.jpg
fc464a1b-e81b-45c5-b05e-c5aedbf1bcba,Figure 3,Brain,597,Obese,Hippocampus,R,300,300,201,0.975,2.0,https://lsfm.isas.de/files/vessel-express/images/fc464a1b-e81b-45c5-b05e-c5aedbf1bcba.ome.zarr,fc464a1b-e81b-45c5-b05e-c5aedbf1bcba.ome.zarr,28915183,https://lsfm.isas.de/files/vessel-express/thumbnails/fc464a1b-e81b-45c5-b05e-c5aedbf1bcba.jpg
d03ec31c-00e1-409d-a39e-73ff0f5c8349,Figure 3,Brain,597,Obese,Cortex,R,300,300,301,0.975,2.0,https://lsfm.isas.de/files/vessel-express/images/d03ec31c-00e1-409d-a39e-73ff0f5c8349.ome.zarr,d03ec31c-00e1-409d-a39e-73ff0f5c8349.ome.zarr,44151944,https://lsfm.isas.de/files/vessel-express/thumbnails/d03ec31c-00e1-409d-a39e-73ff0f5c8349.jpg
b5b40c80-55d7-4f7b-afd4-f921f610d2b7,Figure 3,Brain,597,Obese,Striatum,R,500,500,501,0.975,2.0,https://lsfm.isas.de/files/vessel-express/images/b5b40c80-55d7-4f7b-afd4-f921f610d2b7.ome.zarr,b5b40c80-55d7-4f7b-afd4-f921f610d2b7.ome.zarr,203122566,https://lsfm.isas.de/files/vessel-express/thumbnails/b5b40c80-55d7-4f7b-afd4-f921f610d2b7.jpg
a2877c83-3207-4093-a673-c9bb9f75953b,Figure 3,Brain,600,Obese,Striatum,L,500,500,501,0.975,2.0,https://lsfm.isas.de/files/vessel-express/images/a2877c83-3207-4093-a673-c9bb9f75953b.ome.zarr,a2877c83-3207-4093-a673-c9bb9f75953b.ome.zarr,201172719,https://lsfm.isas.de/files/vessel-express/thumbnails/a2877c83-3207-4093-a673-c9bb9f75953b.jpg
e5342b45-1270-4d99-8f54-69ffc1931df3,Figure 3,Brain,600,Obese,Midbrain,L,300,300,301,0.975,2.0,https://lsfm.isas.de/files/vessel-express/images/e5342b45-1270-4d99-8f54-69ffc1931df3.ome.zarr,e5342b45-1270-4d99-8f54-69ffc1931df3.ome.zarr,52974196,https://lsfm.isas.de/files/vessel-express/thumbnails/e5342b45-1270-4d99-8f54-69ffc1931df3.jpg
c3ad822c-7fbe-4b8b-9c92-30232ced9329,Figure 3,Brain,600,Obese,Striatum,R,500,500,501,0.975,2.0,https://lsfm.isas.de/files/vessel-express/images/c3ad822c-7fbe-4b8b-9c92-30232ced9329.ome.zarr,c3ad822c-7fbe-4b8b-9c92-30232ced9329.ome.zarr,206697754,https://lsfm.isas.de/files/vessel-express/thumbnails/c3ad822c-7fbe-4b8b-9c92-30232ced9329.jpg
7410f6f9-52e6-43ef-b5a5-cd1412a76de7,Figure 3,Brain,600,Obese,Midbrain,R,300,300,301,0.975,2.0,https://lsfm.isas.de/files/vessel-express/images/7410f6f9-52e6-43ef-b5a5-cd1412a76de7.ome.zarr,7410f6f9-52e6-43ef-b5a5-cd1412a76de7.ome.zarr,43189608,https://lsfm.isas.de/files/vessel-express/thumbnails/7410f6f9-52e6-43ef-b5a5-cd1412a76de7.jpg
6c61d6f4-bcb8-4cdc-8935-728fe01bffc3,Figure 3,Brain,600,Obese,Cortex,R,300,300,301,0.975,2.0,https://lsfm.isas.de/files/vessel-express/images/6c61d6f4-bcb8-4cdc-8935-728fe01bffc3.ome.zarr,6c61d6f4-bcb8-4cdc-8935-728fe01bffc3.ome.zarr,45891590,https://lsfm.isas.de/files/vessel-express/thumbnails/6c61d6f4-bcb8-4cdc-8935-728fe01bffc3.jpg
89ac07ee-c79c-4844-b854-06feadd5b987,Figure 3,Brain,610,Obese,Midbrain,L,300,300,301,0.975,2.0,https://lsfm.isas.de/files/vessel-express/images/89ac07ee-c79c-4844-b854-06feadd5b987.ome.zarr,89ac07ee-c79c-4844-b854-06feadd5b987.ome.zarr,40479057,https://lsfm.isas.de/files/vessel-express/thumbnails/89ac07ee-c79c-4844-b854-06feadd5b987.jpg
457136da-7e84-4ff4-9273-d77188534096,Figure 3,Brain,610,Obese,Striatum,L,500,500,501,0.975,2.0,https://lsfm.isas.de/files/vessel-express/images/457136da-7e84-4ff4-9273-d77188534096.ome.zarr,457136da-7e84-4ff4-9273-d77188534096.ome.zarr,210981533,https://lsfm.isas.de/files/vessel-express/thumbnails/457136da-7e84-4ff4-9273-d77188534096.jpg
b2f976e5-4faa-406c-92fa-915be6dab1a7,Figure 3,Brain,610,Obese,Cortex,L,300,300,301,0.975,2.0,https://lsfm.isas.de/files/vessel-express/images/b2f976e5-4faa-406c-92fa-915be6dab1a7.ome.zarr,b2f976e5-4faa-406c-92fa-915be6dab1a7.ome.zarr,46877369,https://lsfm.isas.de/files/vessel-express/thumbnails/b2f976e5-4faa-406c-92fa-915be6dab1a7.jpg
35ae2aec-d8e5-4408-b920-5f8e1a4b1f54,Figure 3,Brain,610,Obese,Cortex,R,300,300,301,0.975,2.0,https://lsfm.isas.de/files/vessel-express/images/35ae2aec-d8e5-4408-b920-5f8e1a4b1f54.ome.zarr,35ae2aec-d8e5-4408-b920-5f8e1a4b1f54.ome.zarr,42990903,https://lsfm.isas.de/files/vessel-express/thumbnails/35ae2aec-d8e5-4408-b920-5f8e1a4b1f54.jpg
b5e6281b-9b72-4e33-8017-5f01eece1c4e,Figure 3,Brain,610,Obese,Midbrain,R,300,300,301,0.975,2.0,https://lsfm.isas.de/files/vessel-express/images/b5e6281b-9b72-4e33-8017-5f01eece1c4e.ome.zarr,b5e6281b-9b72-4e33-8017-5f01eece1c4e.ome.zarr,39472927,https://lsfm.isas.de/files/vessel-express/thumbnails/b5e6281b-9b72-4e33-8017-5f01eece1c4e.jpg
177ea916-cd5a-4219-8432-961023f3ae94,Figure 3,Brain,610,Obese,Hippocampus,R,300,300,301,0.975,2.0,https://lsfm.isas.de/files/vessel-express/images/177ea916-cd5a-4219-8432-961023f3ae94.ome.zarr,177ea916-cd5a-4219-8432-961023f3ae94.ome.zarr,43599574,https://lsfm.isas.de/files/vessel-express/thumbnails/177ea916-cd5a-4219-8432-961023f3ae94.jpg
85f0bde3-1ea0-4abe-9bbc-16bbf571a4ef,Figure 3,Brain,610,Obese,Striatum,R,500,500,501,0.975,2.0,https://lsfm.isas.de/files/vessel-express/images/85f0bde3-1ea0-4abe-9bbc-16bbf571a4ef.ome.zarr,85f0bde3-1ea0-4abe-9bbc-16bbf571a4ef.ome.zarr,191589129,https://lsfm.isas.de/files/vessel-express/thumbnails/85f0bde3-1ea0-4abe-9bbc-16bbf571a4ef.jpg
2b739c94-560e-4695-a89f-ba79c00e1b07,Figure 4,Bladder,1,,,,300,300,100,0.975,2.0,https://lsfm.isas.de/files/vessel-express/images/2b739c94-560e-4695-a89f-ba79c00e1b07.ome.zarr,2b739c94-560e-4695-a89f-ba79c00e1b07.ome.zarr,11745565,https://lsfm.isas.de/files/vessel-express/thumbnails/2b739c94-560e-4695-a89f-ba79c00e1b07.jpg
4ea9d12a-42a2-4ec5-ad1e-87043e3a939a,Figure 4,Bladder,2,,,,300,300,101,0.975,2.0,https://lsfm.isas.de/files/vessel-express/images/4ea9d12a-42a2-4ec5-ad1e-87043e3a939a.ome.zarr,4ea9d12a-42a2-4ec5-ad1e-87043e3a939a.ome.zarr,12319573,https://lsfm.isas.de/files/vessel-express/thumbnails/4ea9d12a-42a2-4ec5-ad1e-87043e3a939a.jpg
d77c7cc0-1acd-466f-b04f-39512abd732e,Figure 4,Bladder,3,,,,300,300,101,0.975,2.0,https://lsfm.isas.de/files/vessel-express/images/d77c7cc0-1acd-466f-b04f-39512abd732e.ome.zarr,d77c7cc0-1acd-466f-b04f-39512abd732e.ome.zarr,11382172,https://lsfm.isas.de/files/vessel-express/thumbnails/d77c7cc0-1acd-466f-b04f-39512abd732e.jpg
472da477-7f77-4b97-8a89-b81d34964588,Figure 4,Bladder,4,,,,300,300,100,0.975,2.0,https://lsfm.isas.de/files/vessel-express/images/472da477-7f77-4b97-8a89-b81d34964588.ome.zarr,472da477-7f77-4b97-8a89-b81d34964588.ome.zarr,12500304,https://lsfm.isas.de/files/vessel-express/thumbnails/472da477-7f77-4b97-8a89-b81d34964588.jpg
0241512c-c96e-4620-a92e-29a06e56d352,Figure 4,Bladder,5,,,,300,300,101,0.975,2.0,https://lsfm.isas.de/files/vessel-express/images/0241512c-c96e-4620-a92e-29a06e56d352.ome.zarr,0241512c-c96e-4620-a92e-29a06e56d352.ome.zarr,14423153,https://lsfm.isas.de/files/vessel-express/thumbnails/0241512c-c96e-4620-a92e-29a06e56d352.jpg
0b324711-0d9f-4d7b-a332-54682009a0ad,Figure 4,Bladder,6,,,,300,300,101,0.975,2.0,https://lsfm.isas.de/files/vessel-express/images/0b324711-0d9f-4d7b-a332-54682009a0ad.ome.zarr,0b324711-0d9f-4d7b-a332-54682009a0ad.ome.zarr,13540276,https://lsfm.isas.de/files/vessel-express/thumbnails/0b324711-0d9f-4d7b-a332-54682009a0ad.jpg
9fa0e8da-89e8-452e-a655-6aa527a81663,Figure 4,Bladder,7,,,,300,300,100,0.975,2.0,https://lsfm.isas.de/files/vessel-express/images/9fa0e8da-89e8-452e-a655-6aa527a81663.ome.zarr,9fa0e8da-89e8-452e-a655-6aa527a81663.ome.zarr,11634669,https://lsfm.isas.de/files/vessel-express/thumbnails/9fa0e8da-89e8-452e-a655-6aa527a81663.jpg
c4fb834b-c47e-4823-9c0c-073111b74763,Figure 4,Bladder,8,,,,300,300,101,0.975,2.0,https://lsfm.isas.de/files/vessel-express/images/c4fb834b-c47e-4823-9c0c-073111b74763.ome.zarr,c4fb834b-c47e-4823-9c0c-073111b74763.ome.zarr,11899093,https://lsfm.isas.de/files/vessel-express/thumbnails/c4fb834b-c47e-4823-9c0c-073111b74763.jpg
d8a1b2ed-4b2a-4ca7-b17b-54de52ee4b42,Figure 4,Bladder,9,,,,300,300,101,0.975,2.0,https://lsfm.isas.de/files/vessel-express/images/d8a1b2ed-4b2a-4ca7-b17b-54de52ee4b42.ome.zarr,d8a1b2ed-4b2a-4ca7-b17b-54de52ee4b42.ome.zarr,11918011,https://lsfm.isas.de/files/vessel-express/thumbnails/d8a1b2ed-4b2a-4ca7-b17b-54de52ee4b42.jpg
3f7ddc0a-6300-4f77-b82c-e6cdd3554bde,Figure 4,Bladder,10,,,,300,300,100,0.975,2.0,https://lsfm.isas.de/files/vessel-express/images/3f7ddc0a-6300-4f77-b82c-e6cdd3554bde.ome.zarr,3f7ddc0a-6300-4f77-b82c-e6cdd3554bde.ome.zarr,12182817,https://lsfm.isas.de/files/vessel-express/thumbnails/3f7ddc0a-6300-4f77-b82c-e6cdd3554bde.jpg
36bd5d8a-8651-4d7f-9b90-ebe6750d1fac,Figure 4,Brain,71,,,,500,500,501,0.975,2.0,https://lsfm.isas.de/files/vessel-express/images/36bd5d8a-8651-4d7f-9b90-ebe6750d1fac.ome.zarr,36bd5d8a-8651-4d7f-9b90-ebe6750d1fac.ome.zarr,259913132,https://lsfm.isas.de/files/vessel-express/thumbnails/36bd5d8a-8651-4d7f-9b90-ebe6750d1fac.jpg
4cad5cbd-919b-4851-b51e-aab25e9e36d8,Figure 4,Brain,72,,,,500,500,501,0.975,2.0,https://lsfm.isas.de/files/vessel-express/images/4cad5cbd-919b-4851-b51e-aab25e9e36d8.ome.zarr,4cad5cbd-919b-4851-b51e-aab25e9e36d8.ome.zarr,197292284,https://lsfm.isas.de/files/vessel-express/thumbnails/4cad5cbd-919b-4851-b51e-aab25e9e36d8.jpg
308afde6-59ab-4469-b010-3ed028a771b2,Figure 4,Brain,73,,,,500,500,501,0.975,2.0,https://lsfm.isas.de/files/vessel-express/images/308afde6-59ab-4469-b010-3ed028a771b2.ome.zarr,308afde6-59ab-4469-b010-3ed028a771b2.ome.zarr,186482565,https://lsfm.isas.de/files/vessel-express/thumbnails/308afde6-59ab-4469-b010-3ed028a771b2.jpg
a6e06ea2-849a-4dba-978e-159e9054259f,Figure 4,Brain,74,,,,500,500,501,0.975,2.0,https://lsfm.isas.de/files/vessel-express/images/a6e06ea2-849a-4dba-978e-159e9054259f.ome.zarr,a6e06ea2-849a-4dba-978e-159e9054259f.ome.zarr,263026797,https://lsfm.isas.de/files/vessel-express/thumbnails/a6e06ea2-849a-4dba-978e-159e9054259f.jpg
d2dcac30-43bf-4680-876c-fedb10fbad1f,Figure 4,Brain,75,,,,500,500,501,0.975,2.0,https://lsfm.isas.de/files/vessel-express/images/d2dcac30-43bf-4680-876c-fedb10fbad1f.ome.zarr,d2dcac30-43bf-4680-876c-fedb10fbad1f.ome.zarr,260099170,https://lsfm.isas.de/files/vessel-express/thumbnails/d2dcac30-43bf-4680-876c-fedb10fbad1f.jpg
b12ea5ef-71d0-4eb5-833c-95c9528d7178,Figure 4,Brain,76,,,,500,500,501,0.975,2.0,https://lsfm.isas.de/files/vessel-express/images/b12ea5ef-71d0-4eb5-833c-95c9528d7178.ome.zarr,b12ea5ef-71d0-4eb5-833c-95c9528d7178.ome.zarr,249385925,https://lsfm.isas.de/files/vessel-express/thumbnails/b12ea5ef-71d0-4eb5-833c-95c9528d7178.jpg
057d61d9-63e9-4da4-8607-1895b1b1358b,Figure 4,Ear,1,,,,250,250,50,0.975,2.0,https://lsfm.isas.de/files/vessel-express/images/057d61d9-63e9-4da4-8607-1895b1b1358b.ome.zarr,057d61d9-63e9-4da4-8607-1895b1b1358b.ome.zarr,6069658,https://lsfm.isas.de/files/vessel-express/thumbnails/057d61d9-63e9-4da4-8607-1895b1b1358b.jpg
afcadcd9-1698-4ec8-a5eb-f5b868f62793,Figure 4,Ear,2,,,,250,250,50,0.975,2.0,https://lsfm.isas.de/files/vessel-express/images/afcadcd9-1698-4ec8-a5eb-f5b868f62793.ome.zarr,afcadcd9-1698-4ec8-a5eb-f5b868f62793.ome.zarr,5749885,https://lsfm.isas.de/files/vessel-express/thumbnails/afcadcd9-1698-4ec8-a5eb-f5b868f62793.jpg
aca428c0-0ef7-4e2f-b5ef-1b25692b934b,Figure 4,Ear,3,,,,250,250,50,0.975,2.0,https://lsfm.isas.de/files/vessel-express/images/aca428c0-0ef7-4e2f-b5ef-1b25692b934b.ome.zarr,aca428c0-0ef7-4e2f-b5ef-1b25692b934b.ome.zarr,5721319,https://lsfm.isas.de/files/vessel-express/thumbnails/aca428c0-0ef7-4e2f-b5ef-1b25692b934b.jpg
bd951fd8-20bd-4235-9758-cf25d4c64acb,Figure 4,Ear,4,,,,250,250,50,0.975,2.0,https://lsfm.isas.de/files/vessel-express/images/bd951fd8-20bd-4235-9758-cf25d4c64acb.ome.zarr,bd951fd8-20bd-4235-9758-cf25d4c64acb.ome.zarr,5539567,https://lsfm.isas.de/files/vessel-express/thumbnails/bd951fd8-20bd-4235-9758-cf25d4c64acb.jpg
b4b5f0c1-64fe-4e1a-b693-60a7e24cf0a4,Figure 4,Ear,5,,,,250,250,50,0.975,2.0,https://lsfm.isas.de/files/vessel-express/images/b4b5f0c1-64fe-4e1a-b693-60a7e24cf0a4.ome.zarr,b4b5f0c1-64fe-4e1a-b693-60a7e24cf0a4.ome.zarr,5773676,https://lsfm.isas.de/files/vessel-express/thumbnails/b4b5f0c1-64fe-4e1a-b693-60a7e24cf0a4.jpg
f3910f08-b4f4-4d04-abcf-66345fbb809c,Figure 4,Ear,6,,,,250,250,50,0.975,2.0,https://lsfm.isas.de/files/vessel-express/images/f3910f08-b4f4-4d04-abcf-66345fbb809c.ome.zarr,f3910f08-b4f4-4d04-abcf-66345fbb809c.ome.zarr,5121363,https://lsfm.isas.de/files/vessel-express/thumbnails/f3910f08-b4f4-4d04-abcf-66345fbb809c.jpg
aa8226d3-708e-4ccc-90e4-6d830783e035,Figure 4,Ear,7,,,,250,250,50,0.975,2.0,https://lsfm.isas.de/files/vessel-express/images/aa8226d3-708e-4ccc-90e4-6d830783e035.ome.zarr,aa8226d3-708e-4ccc-90e4-6d830783e035.ome.zarr,5429222,https://lsfm.isas.de/files/vessel-express/thumbnails/aa8226d3-708e-4ccc-90e4-6d830783e035.jpg
bba6f677-0d0c-455f-b541-1f3111fc8a28,Figure 4,Ear,8,,,,250,250,50,0.975,2.0,https://lsfm.isas.de/files/vessel-express/images/bba6f677-0d0c-455f-b541-1f3111fc8a28.ome.zarr,bba6f677-0d0c-455f-b541-1f3111fc8a28.ome.zarr,6252351,https://lsfm.isas.de/files/vessel-express/thumbnails/bba6f677-0d0c-455f-b541-1f3111fc8a28.jpg
cc8af27d-9514-4889-935e-f9c4351eb620,Figure 4,Heart,1,,,,250,250,222,0.975,2.0,https://lsfm.isas.de/files/vessel-express/images/cc8af27d-9514-4889-935e-f9c4351eb620.ome.zarr,cc8af27d-9514-4889-935e-f9c4351eb620.ome.zarr,35704198,https://lsfm.isas.de/files/vessel-express/thumbnails/cc8af27d-9514-4889-935e-f9c4351eb620.jpg
09302936-ca12-4bb5-83a2-a5b9289e9e19,Figure 4,Heart,2,,,,250,250,222,0.975,2.0,https://lsfm.isas.de/files/vessel-express/images/09302936-ca12-4bb5-83a2-a5b9289e9e19.ome.zarr,09302936-ca12-4bb5-83a2-a5b9289e9e19.ome.zarr,34999940,https://lsfm.isas.de/files/vessel-express/thumbnails/09302936-ca12-4bb5-83a2-a5b9289e9e19.jpg
ac138994-3a42-453e-98f4-7f21329591f8,Figure 4,Heart,3,,,,250,250,222,0.975,2.0,https://lsfm.isas.de/files/vessel-express/images/ac138994-3a42-453e-98f4-7f21329591f8.ome.zarr,ac138994-3a42-453e-98f4-7f21329591f8.ome.zarr,34117231,https://lsfm.isas.de/files/vessel-express/thumbnails/ac138994-3a42-453e-98f4-7f21329591f8.jpg
498f6675-a1c3-4628-8a0c-1fae6324e095,Figure 4,Liver,1,,,,300,300,51,0.975,2.0,https://lsfm.isas.de/files/vessel-express/images/498f6675-a1c3-4628-8a0c-1fae6324e095.ome.zarr,498f6675-a1c3-4628-8a0c-1fae6324e095.ome.zarr,10478383,https://lsfm.isas.de/files/vessel-express/thumbnails/498f6675-a1c3-4628-8a0c-1fae6324e095.jpg
73f7fe84-54f6-4b3c-9c6b-8ad0e3987bf3,Figure 4,Liver,2,,,,300,300,51,0.975,2.0,https://lsfm.isas.de/files/vessel-express/images/73f7fe84-54f6-4b3c-9c6b-8ad0e3987bf3.ome.zarr,73f7fe84-54f6-4b3c-9c6b-8ad0e3987bf3.ome.zarr,11188342,https://lsfm.isas.de/files/vessel-express/thumbnails/73f7fe84-54f6-4b3c-9c6b-8ad0e3987bf3.jpg
8fc29891-bd66-4aab-8c9e-338988a77bf1,Figure 4,Liver,3,,,,300,300,51,0.975,2.0,https://lsfm.isas.de/files/vessel-express/images/8fc29891-bd66-4aab-8c9e-338988a77bf1.ome.zarr,8fc29891-bd66-4aab-8c9e-338988a77bf1.ome.zarr,11645794,https://lsfm.isas.de/files/vessel-express/thumbnails/8fc29891-bd66-4aab-8c9e-338988a77bf1.jpg
893529a4-bc77-40e5-b354-57cce24df424,Figure 4,Liver,4,,,,300,300,51,0.975,2.0,https://lsfm.isas.de/files/vessel-express/images/893529a4-bc77-40e5-b354-57cce24df424.ome.zarr,893529a4-bc77-40e5-b354-57cce24df424.ome.zarr,10352832,https://lsfm.isas.de/files/vessel-express/thumbnails/893529a4-bc77-40e5-b354-57cce24df424.jpg
0aa6f4e9-8efe-4e93-8709-6272ee2f4706,Figure 4,Liver,5,,,,300,300,51,0.975,2.0,https://lsfm.isas.de/files/vessel-express/images/0aa6f4e9-8efe-4e93-8709-6272ee2f4706.ome.zarr,0aa6f4e9-8efe-4e93-8709-6272ee2f4706.ome.zarr,11059907,https://lsfm.isas.de/files/vessel-express/thumbnails/0aa6f4e9-8efe-4e93-8709-6272ee2f4706.jpg
2dcf9026-1a2c-4dcf-8b90-41ccf266048f,Figure 4,Muscle,1,,,,500,500,150,0.975,2.0,https://lsfm.isas.de/files/vessel-express/images/2dcf9026-1a2c-4dcf-8b90-41ccf266048f.ome.zarr,2dcf9026-1a2c-4dcf-8b90-41ccf266048f.ome.zarr,61851580,https://lsfm.isas.de/files/vessel-express/thumbnails/2dcf9026-1a2c-4dcf-8b90-41ccf266048f.jpg
2e2b06f7-dc48-4612-a91b-ecf6233a1dff,Figure 4,Muscle,2,,,,500,500,150,0.975,2.0,https://lsfm.isas.de/files/vessel-express/images/2e2b06f7-dc48-4612-a91b-ecf6233a1dff.ome.zarr,2e2b06f7-dc48-4612-a91b-ecf6233a1dff.ome.zarr,59047030,https://lsfm.isas.de/files/vessel-express/thumbnails/2e2b06f7-dc48-4612-a91b-ecf6233a1dff.jpg
8e86d2a4-ad95-46ba-85c7-cb267e45ee46,Figure 4,Muscle,3,,,,500,500,150,0.975,2.0,https://lsfm.isas.de/files/vessel-express/images/8e86d2a4-ad95-46ba-85c7-cb267e45ee46.ome.zarr,8e86d2a4-ad95-46ba-85c7-cb267e45ee46.ome.zarr,55393948,https://lsfm.isas.de/files/vessel-express/thumbnails/8e86d2a4-ad95-46ba-85c7-cb267e45ee46.jpg
373e4c45-991f-41f7-8698-744cf74a4f44,Figure 4,Muscle,4,,,,500,500,150,0.975,2.0,https://lsfm.isas.de/files/vessel-express/images/373e4c45-991f-41f7-8698-744cf74a4f44.ome.zarr,373e4c45-991f-41f7-8698-744cf74a4f44.ome.zarr,62798309,https://lsfm.isas.de/files/vessel-express/thumbnails/373e4c45-991f-41f7-8698-744cf74a4f44.jpg
57a1ed01-9577-4dc2-8ae6-62c5b9380853,Figure 4,Muscle,5,,,,500,500,150,0.975,2.0,https://lsfm.isas.de/files/vessel-express/images/57a1ed01-9577-4dc2-8ae6-62c5b9380853.ome.zarr,57a1ed01-9577-4dc2-8ae6-62c5b9380853.ome.zarr,61533455,https://lsfm.isas.de/files/vessel-express/thumbnails/57a1ed01-9577-4dc2-8ae6-62c5b9380853.jpg
59ea91fa-668c-487c-b570-fa6df5bc6b2b,Figure 4,Muscle,6,,,,500,500,150,0.975,2.0,https://lsfm.isas.de/files/vessel-express/images/59ea91fa-668c-487c-b570-fa6df5bc6b2b.ome.zarr,59ea91fa-668c-487c-b570-fa6df5bc6b2b.ome.zarr,64745958,https://lsfm.isas.de/files/vessel-express/thumbnails/59ea91fa-668c-487c-b570-fa6df5bc6b2b.jpg
0d4023b7-e19a-4273-ac2a-1b63c42de5af,Figure 4,Spinalcord,1,,,,500,500,200,0.975,2.0,https://lsfm.isas.de/files/vessel-express/images/0d4023b7-e19a-4273-ac2a-1b63c42de5af.ome.zarr,0d4023b7-e19a-4273-ac2a-1b63c42de5af.ome.zarr,65550081,https://lsfm.isas.de/files/vessel-express/thumbnails/0d4023b7-e19a-4273-ac2a-1b63c42de5af.jpg
0898ca07-9695-4041-9bde-f6838f65abb7,Figure 4,Spinalcord,2,,,,500,500,200,0.975,2.0,https://lsfm.isas.de/files/vessel-express/images/0898ca07-9695-4041-9bde-f6838f65abb7.ome.zarr,0898ca07-9695-4041-9bde-f6838f65abb7.ome.zarr,55561201,https://lsfm.isas.de/files/vessel-express/thumbnails/0898ca07-9695-4041-9bde-f6838f65abb7.jpg
edb90877-657a-4f66-9aeb-d4a67347b69f,Figure 4,Spinalcord,3,,,,500,500,200,0.975,2.0,https://lsfm.isas.de/files/vessel-express/images/edb90877-657a-4f66-9aeb-d4a67347b69f.ome.zarr,edb90877-657a-4f66-9aeb-d4a67347b69f.ome.zarr,70973713,https://lsfm.isas.de/files/vessel-express/thumbnails/edb90877-657a-4f66-9aeb-d4a67347b69f.jpg
ddbfcd37-883c-4422-a18f-c14cff7c8279,Figure 4,Spinalcord,4,,,,500,500,201,0.975,2.0,https://lsfm.isas.de/files/vessel-express/images/ddbfcd37-883c-4422-a18f-c14cff7c8279.ome.zarr,ddbfcd37-883c-4422-a18f-c14cff7c8279.ome.zarr,68788963,https://lsfm.isas.de/files/vessel-express/thumbnails/ddbfcd37-883c-4422-a18f-c14cff7c8279.jpg
1c0af72a-5f55-4ade-9b71-8be00b984a30,Figure 4,Spinalcord,5,,,,500,500,201,0.975,2.0,https://lsfm.isas.de/files/vessel-express/images/1c0af72a-5f55-4ade-9b71-8be00b984a30.ome.zarr,1c0af72a-5f55-4ade-9b71-8be00b984a30.ome.zarr,67463112,https://lsfm.isas.de/files/vessel-express/thumbnails/1c0af72a-5f55-4ade-9b71-8be00b984a30.jpg
794526a3-e762-4c4c-994a-d16b7e0e8aa7,Figure 4,Spinalcord,6,,,,500,500,200,0.975,2.0,https://lsfm.isas.de/files/vessel-express/images/794526a3-e762-4c4c-994a-d16b7e0e8aa7.ome.zarr,794526a3-e762-4c4c-994a-d16b7e0e8aa7.ome.zarr,65869631,https://lsfm.isas.de/files/vessel-express/thumbnails/794526a3-e762-4c4c-994a-d16b7e0e8aa7.jpg
5c7e170b-36ee-429c-8719-2605fe0a559b,Figure 4,Tongue,1,,,,300,300,100,0.975,2.0,https://lsfm.isas.de/files/vessel-express/images/5c7e170b-36ee-429c-8719-2605fe0a559b.ome.zarr,5c7e170b-36ee-429c-8719-2605fe0a559b.ome.zarr,17086837,https://lsfm.isas.de/files/vessel-express/thumbnails/5c7e170b-36ee-429c-8719-2605fe0a559b.jpg
f2483a2f-6ebb-41fd-bca1-66b6950e8fc2,Figure 4,Tongue,2,,,,300,300,100,0.975,2.0,https://lsfm.isas.de/files/vessel-express/images/f2483a2f-6ebb-41fd-bca1-66b6950e8fc2.ome.zarr,f2483a2f-6ebb-41fd-bca1-66b6950e8fc2.ome.zarr,17086837,https://lsfm.isas.de/files/vessel-express/thumbnails/f2483a2f-6ebb-41fd-bca1-66b6950e8fc2.jpg
72826ed5-d1ba-428f-976a-db371d2e29f9,Figure 4,Tongue,3,,,,300,300,100,0.975,2.0,https://lsfm.isas.de/files/vessel-express/images/72826ed5-d1ba-428f-976a-db371d2e29f9.ome.zarr,72826ed5-d1ba-428f-976a-db371d2e29f9.ome.zarr,17371141,https://lsfm.isas.de/files/vessel-express/thumbnails/72826ed5-d1ba-428f-976a-db371d2e29f9.jpg
13f8741f-05f8-4d1a-a28c-2ff9027e0eec,Figure 4,Tongue,4,,,,300,300,100,0.975,2.0,https://lsfm.isas.de/files/vessel-express/images/13f8741f-05f8-4d1a-a28c-2ff9027e0eec.ome.zarr,13f8741f-05f8-4d1a-a28c-2ff9027e0eec.ome.zarr,17495916,https://lsfm.isas.de/files/vessel-express/thumbnails/13f8741f-05f8-4d1a-a28c-2ff9027e0eec.jpg
fec1df26-84d5-4fef-9dff-823cdad8fd29,Figure 4,Tongue,5,,,,300,300,100,0.975,2.0,https://lsfm.isas.de/files/vessel-express/images/fec1df26-84d5-4fef-9dff-823cdad8fd29.ome.zarr,fec1df26-84d5-4fef-9dff-823cdad8fd29.ome.zarr,17458875,https://lsfm.isas.de/files/vessel-express/thumbnails/fec1df26-84d5-4fef-9dff-823cdad8fd29.jpg
40e43a56-e69a-4046-a27f-3ed40f82f7ce,Figure 4,Tongue,6,,,,300,300,100,0.975,2.0,https://lsfm.isas.de/files/vessel-express/images/40e43a56-e69a-4046-a27f-3ed40f82f7ce.ome.zarr,40e43a56-e69a-4046-a27f-3ed40f82f7ce.ome.zarr,14764530,https://lsfm.isas.de/files/vessel-express/thumbnails/40e43a56-e69a-4046-a27f-3ed40f82f7ce.jpg
88b067e1-1c5d-4e93-aa71-8b84ae024a23,Figure 4,Tongue,7,,,,300,300,100,0.975,2.0,https://lsfm.isas.de/files/vessel-express/images/88b067e1-1c5d-4e93-aa71-8b84ae024a23.ome.zarr,88b067e1-1c5d-4e93-aa71-8b84ae024a23.ome.zarr,14587926,https://lsfm.isas.de/files/vessel-express/thumbnails/88b067e1-1c5d-4e93-aa71-8b84ae024a23.jpg
cf3c92c6-e12e-44fd-acb5-b1232dbe8058,Figure 4,Tongue,8,,,,300,300,100,0.975,2.0,https://lsfm.isas.de/files/vessel-express/images/cf3c92c6-e12e-44fd-acb5-b1232dbe8058.ome.zarr,cf3c92c6-e12e-44fd-acb5-b1232dbe8058.ome.zarr,14733671,https://lsfm.isas.de/files/vessel-express/thumbnails/cf3c92c6-e12e-44fd-acb5-b1232dbe8058.jpg
92301e84-ec4f-4c60-8823-4e771741f90e,Figure 4,Tongue,9,,,,300,300,100,0.975,2.0,https://lsfm.isas.de/files/vessel-express/images/92301e84-ec4f-4c60-8823-4e771741f90e.ome.zarr,92301e84-ec4f-4c60-8823-4e771741f90e.ome.zarr,14914848,https://lsfm.isas.de/files/vessel-express/thumbnails/92301e84-ec4f-4c60-8823-4e771741f90e.jpg
60bb3708-3fc2-4195-a9bd-e214154a97a9,Figure 4,Tongue,10,,,,300,300,100,0.975,2.0,https://lsfm.isas.de/files/vessel-express/images/60bb3708-3fc2-4195-a9bd-e214154a97a9.ome.zarr,60bb3708-3fc2-4195-a9bd-e214154a97a9.ome.zarr,14807917,https://lsfm.isas.de/files/vessel-express/thumbnails/60bb3708-3fc2-4195-a9bd-e214154a97a9.jpg
